{"cameraMode":{"drawMode":0,"name":"Shaded","section":"Shading Mode"},"sceneLighting":true,"audioPlay":false,"sceneViewState":{"showFog":true,"showMaterialUpdate":false,"showSkybox":true,"showFlares":true,"showImageEffects":true,"showParticleSystems":true,"showVisualEffectGraphs":true,"m_FxEnabled":false},"in2DMode":false,"pivot":{"x":0.9888207912445068,"y":1.479221224784851,"z":1.183371901512146},"rotation":{"x":0.023663511499762536,"y":0.045568738132715228,"z":0.0010799001902341843,"w":-0.9986815452575684},"size":3.261552572250366,"orthographic":false}